<?xml version="1.0" encoding="utf-8" standalone="no" ?>
<SoundGroup>
	<Distanceless>1</Distanceless>
	<Gain>1</Gain>
	<Pitch>1</Pitch>
	<Priority>100</Priority>
	<ConeGain>1</ConeGain>
	<ConeInner>360</ConeInner>
	<ConeOuter>360</ConeOuter>
	<Looping>0</Looping>
	<RandOrder>1</RandOrder>
	<RandGain>1</RandGain>
	<GainUpper>1</GainUpper>
	<GainLower>0.8</GainLower>
	<RandPitch>1</RandPitch>
	<PitchUpper>1.1</PitchUpper>
	<PitchLower>0.9</PitchLower>
	<Threshold>1</Threshold>
	<Decay>3</Decay>
	<Replacement>ship_select_01.ogg</Replacement>
	<Path>audio/actor/ship</Path>
	<Sound>ship_select_01.ogg</Sound>
</SoundGroup>
