<?xml version="1.0" encoding="utf-8"?>
<Entity parent="template_structure_defense_wall_gate">
  <Footprint>
    <Square width="38.5" depth="8.5"/>
    <Height>9.0</Height>
  </Footprint>
  <GarrisonHolder>
    <Max>4</Max>
	<VisibleGarrisonPoints>
      <Archer1>
        <X>1.75</X><Y>11.0</Y><Z>0</Z>
      </Archer1>
      <Archer2>
        <X>-1.75</X><Y>11.0</Y><Z>0</Z>
      </Archer2>
      <Archer3>
        <X>5.25</X><Y>11.0</Y><Z>0</Z>
      </Archer3>
      <Archer4>
        <X>-5.25</X><Y>11.0</Y><Z>0</Z>
      </Archer4>
    </VisibleGarrisonPoints>
  </GarrisonHolder>
  <Identity>
    <Civ>imp</Civ>
    <SpecificName>Porta</SpecificName>
    <History>Rome had a number of gates piercing its city walls. One of the most famous of these was the Appian Gate.</History>
  </Identity>
  <Obstruction>
    <Obstructions>
      <Right width="14" depth="7" x="12" z="0"/>
      <Left width="14" depth="7" x="-12" z="0"/>
      <Door width="10" depth="7" x="0" z="0"/>
    </Obstructions>
  </Obstruction>
  <VisualActor>
    <Actor>structures/romans/wall_gate.xml</Actor>
  </VisualActor>
  <WallPiece>
    <Length>37.0</Length>
  </WallPiece>
</Entity>
