<?xml version="1.0" encoding="utf-8"?>
<Entity parent="template_structure_defense_wall">
  <Cost>
    <BuildTime>20</BuildTime>
    <Resources>
      <stone>15</stone>
    </Resources>
  </Cost>
  <Health>
	<SpawnEntityOnDeath>rubble/rubble_stone_wall_long</SpawnEntityOnDeath>
  </Health>
  <GarrisonHolder>
    <Max>5</Max>
    <List datatype="tokens">
	  Ranged+Infantry
	  Siege+BoltShooter
	</List>
    <EjectHealth>0.1</EjectHealth>
    <EjectClassesOnDestroy datatype="tokens">Unit</EjectClassesOnDestroy>
    <BuffHeal>0</BuffHeal>
    <LoadingRange>2</LoadingRange>
    <VisibleGarrisonPoints>
      <Archer1>
        <X>0</X><Y>11.5</Y><Z>0</Z>
        <VisibleGarrisonAllowedClasses datatype="tokens">
          Infantry+Ranged
		  Siege+BoltShooter
        </VisibleGarrisonAllowedClasses>
      </Archer1>
      <Archer2>
        <X>8</X><Y>11.5</Y><Z>0</Z>
        <VisibleGarrisonAllowedClasses datatype="tokens">
          Infantry+Ranged
		  Siege+BoltShooter
        </VisibleGarrisonAllowedClasses>
      </Archer2>
      <Archer3>
        <X>-8</X><Y>11.5</Y><Z>0</Z>
        <VisibleGarrisonAllowedClasses datatype="tokens">
          Infantry+Ranged
		  Siege+BoltShooter
        </VisibleGarrisonAllowedClasses>
      </Archer3>
      <Archer4>
        <X>4</X><Y>11.5</Y><Z>0</Z>
        <VisibleGarrisonAllowedClasses datatype="tokens">
          Infantry+Ranged
		  Siege+BoltShooter
        </VisibleGarrisonAllowedClasses>
      </Archer4>
      <Archer5>
        <X>-4</X><Y>11.5</Y><Z>0</Z>
        <VisibleGarrisonAllowedClasses datatype="tokens">
          Infantry+Ranged
		  Siege+BoltShooter
        </VisibleGarrisonAllowedClasses>
      </Archer5>
    </VisibleGarrisonPoints>
  </GarrisonHolder>
  <Identity>
    <Classes datatype="tokens">LongWall</Classes>
    <Tooltip>Long wall segments can be converted to gates.</Tooltip>
    <GateConversionTooltip>Convert Stone Wall into City Gate</GateConversionTooltip>
  </Identity>
</Entity>
