<?xml version="1.0" encoding="utf-8"?>
<Entity parent="template_structure_defense">
  <Auras datatype="tokens">
    wall_battlements
  </Auras>
  <Armour>
    <Hack>5.0</Hack>
  </Armour>
  <BuildRestrictions>
    <Category>Wall</Category>
  </BuildRestrictions>
  <Cost>
    <BuildTime>0</BuildTime>
    <Resources>
      <stone>100</stone>
    </Resources>
  </Cost>
  <Footprint>
    <Square width="6.0" depth="6.0"/>
    <Height>8.0</Height>
  </Footprint>
  <GarrisonHolder>
    <Max>4</Max>
    <List datatype="tokens">Ranged+Infantry</List>
    <EjectHealth>0.1</EjectHealth>
    <EjectClassesOnDestroy datatype="tokens">Unit</EjectClassesOnDestroy>
    <BuffHeal>0</BuffHeal>
    <LoadingRange>2</LoadingRange>
    <VisibleGarrisonPoints>
      <Archer1>
        <X>0</X><Y>11.5</Y><Z>0</Z>
      </Archer1>
      <Archer2>
        <X>8</X><Y>11.5</Y><Z>0</Z>
      </Archer2>
      <Archer3>
        <X>-8</X><Y>11.5</Y><Z>0</Z>
      </Archer3>
      <Archer4>
        <X>4</X><Y>11.5</Y><Z>0</Z>
      </Archer4>
    </VisibleGarrisonPoints>
  </GarrisonHolder>
  <Gate>
    <PassRange>20</PassRange>
  </Gate>
  <Health>
    <Max>3000</Max>
    <SpawnEntityOnDeath>rubble/rubble_stone_wall_long</SpawnEntityOnDeath>
  </Health>
  <Identity>
    <GenericName>City Gate</GenericName>
    <Tooltip>Allow units access through a city wall. Can be locked to prevent access.</Tooltip>
    <Classes datatype="tokens">-ConquestCritical StoneWall Gates</Classes>
    <Icon>structures/gate.png</Icon>
    <RequiredTechnology>phase_town</RequiredTechnology>
  </Identity>
  <Loot>
    <xp>100</xp>
    <food>0</food>
    <wood>20</wood>
    <stone>20</stone>
    <metal>0</metal>
  </Loot>
  <Obstruction>
    <Obstructions>
      <Right width="5" depth="5" x="10" z="0"/>
      <Left width="5" depth="5" x="-10" z="0"/>
      <Door width="20.0" depth="6.5" x="0" z="0"/>
    </Obstructions>
  </Obstruction>
  <RallyPoint disable=""/>
  <Sound>
    <SoundGroups>
      <select>interface/select/building/sel_gate.xml</select>
      <constructed>interface/complete/building/complete_gate.xml</constructed>
      <death>attack/destruction/building_collapse_large.xml</death>
      <gate_closing>actor/gate/stonegate_close.xml</gate_closing>
      <gate_opening>actor/gate/stonegate_open.xml</gate_opening>
      <gate_locked>interface/select/building/sel_gate.xml</gate_locked>
      <gate_unlocked>interface/select/building/sel_gate.xml</gate_unlocked>
    </SoundGroups>
  </Sound>
  <TerritoryInfluence>
    <Root>false</Root>
    <Radius>20</Radius>
    <Weight>65535</Weight>
  </TerritoryInfluence>
  <VisualActor>
    <FoundationActor>structures/fndn_wall.xml</FoundationActor>
  </VisualActor>
</Entity>
