<?xml version="1.0" encoding="utf-8"?>
<Entity parent="template_structure_defense_wall">
  <Cost>
    <BuildTime>15</BuildTime>
    <Resources>
	  <stone>10</stone>
    </Resources>
  </Cost>
  <GarrisonHolder>
    <Max>3</Max>
    <List datatype="tokens">
	  Ranged+Infantry
	  Siege+BoltShooter
	</List>
    <EjectHealth>0.1</EjectHealth>
    <EjectClassesOnDestroy datatype="tokens">Unit</EjectClassesOnDestroy>
    <BuffHeal>0</BuffHeal>
    <LoadingRange>2</LoadingRange>
    <VisibleGarrisonPoints>
      <Archer1>
        <X>0</X><Y>11.5</Y><Z>0</Z>
        <VisibleGarrisonAllowedClasses datatype="tokens">
          Infantry+Ranged
		  Siege+BoltShooter
        </VisibleGarrisonAllowedClasses>
      </Archer1>
      <Archer2>
        <X>4</X><Y>11.5</Y><Z>0</Z>
        <VisibleGarrisonAllowedClasses datatype="tokens">
          Infantry+Ranged
		  Siege+BoltShooter
        </VisibleGarrisonAllowedClasses>
      </Archer2>
      <Archer3>
        <X>-4</X><Y>11.5</Y><Z>0</Z>
        <VisibleGarrisonAllowedClasses datatype="tokens">
          Infantry+Ranged
		  Siege+BoltShooter
        </VisibleGarrisonAllowedClasses>
      </Archer3>
    </VisibleGarrisonPoints>
  </GarrisonHolder>
  <Health>
    <Max>3000</Max>
	<SpawnEntityOnDeath>rubble/rubble_stone_wall_medium</SpawnEntityOnDeath>
  </Health>
</Entity>
