<?xml version="1.0" encoding="utf-8"?>
<actor version="1">
  <castshadow/>
  <group>
    <variant frequency="1" file="quadraped/base_horse.xml" name="fauna horse">
      <mesh>skeletal/horse.dae</mesh>
    </variant>
  </group>
  <group>
    <variant frequency="1" name="black1">
      <textures>
        <texture file="skeletal/horse_black_a.dds" name="baseTex"/>
      </textures>
    </variant>
    <variant frequency="1" name="brown1">
      <textures>
        <texture file="skeletal/horse_brown_a.dds" name="baseTex"/>
      </textures>
    </variant>
    <variant frequency="1" name="chestnut1">
      <textures>
        <texture file="skeletal/horse_chestnut_a.dds" name="baseTex"/>
      </textures>
    </variant>
    <variant frequency="1" name="dun1">
      <textures>
        <texture file="skeletal/horse_dun_a.dds" name="baseTex"/>
      </textures>
    </variant>
    <variant frequency="1" name="gray1">
      <textures>
        <texture file="skeletal/horse_gray_a.dds" name="baseTex"/>
      </textures>
    </variant>
    <variant frequency="1" name="tan1">
      <textures>
        <texture file="skeletal/horse_tan_a.dds" name="baseTex"/>
      </textures>
    </variant>
  </group>
  <group>
    <variant frequency="1" name="Idle"/>
    <variant name="Run">
      <props>
        <prop actor="particle/dust_cav.xml" attachpoint="root"/>
      </props>
    </variant>
    <variant name="death">
      <props>
        <prop actor="props/units/blood_01.xml" attachpoint="root"/>
      </props>
    </variant>
  </group>
  <material>basic_trans.xml</material>
</actor>
