<?xml version="1.0" encoding="utf-8"?>
<actor version="1">
  <castshadow/>
  <group>
    <variant file="biped/pikeman_base.xml">
      <mesh>skeletal/new/m_tunic_short.dae</mesh>
      <props>
        <prop actor="props/units/heads/head_kush_meroitic.xml" attachpoint="head"/>
        <prop actor="props/units/heads/maur_earrings_1.xml" attachpoint="helmet"/>
        <prop actor="props/units/shields/xion_shield_round_leather_left_arm.xml" attachpoint="armpad_L"/>
        <prop actor="props/units/weapons/sarissa.xml" attachpoint="weapon_R"/>
      </props>
    </variant>
  </group>
  <group>
    <variant frequency="1" name="kush_barechested_01">
      <textures>
        <texture file="skeletal/kush_pike_b_01.png" name="baseTex"/>
        <texture file="skeletal/kush_pike_b_01_spec.png" name="specTex"/>
      </textures>
    </variant>
    <variant frequency="1" name="kush_barechested_02_lightskin">
      <props>
        <prop actor="props/units/heads/head_kush_nubian.xml" attachpoint="head"/>
      </props>
      <textures>
        <texture file="skeletal/kush_pike_b_02.png" name="baseTex"/>
        <texture file="skeletal/kush_pike_b_01_spec.png" name="specTex"/>
      </textures>
    </variant>
    <variant frequency="1" name="kush_barechested_03">
      <textures>
        <texture file="skeletal/kush_pike_b_03.png" name="baseTex"/>
        <texture file="skeletal/kush_pike_b_01_spec.png" name="specTex"/>
      </textures>
    </variant>
    <variant frequency="1" name="kush_barechested_04_lightskin">
      <props>
        <prop actor="props/units/heads/head_kush_nubian.xml" attachpoint="head"/>
      </props>
      <textures>
        <texture file="skeletal/kush_pike_b_04.png" name="baseTex"/>
        <texture file="skeletal/kush_pike_b_01_spec.png" name="specTex"/>
      </textures>
    </variant>
    <variant frequency="1" name="kush_barechested_05_lightskin">
      <props>
        <prop actor="props/units/heads/head_kush_nubian.xml" attachpoint="head"/>
      </props>
      <textures>
        <texture file="skeletal/kush_pike_b_05.png" name="baseTex"/>
        <texture file="skeletal/kush_pike_b_01_spec.png" name="specTex"/>
      </textures>
    </variant>
    <variant frequency="1" name="kush_barechested_06">
      <textures>
        <texture file="skeletal/kush_pike_b_06.png" name="baseTex"/>
        <texture file="skeletal/kush_pike_b_01_spec.png" name="specTex"/>
      </textures>
    </variant>
  </group>
  <group>
    <variant frequency="1" name="Idle"/>
    <variant file="biped/attack_capture.xml"/>
    <variant file="biped/attack_slaughter.xml"/>
    <variant file="biped/gather_tree.xml"/>
    <variant file="biped/gather_grain.xml"/>
    <variant file="biped/gather_fruit.xml"/>
    <variant file="biped/gather_meat.xml"/>
    <variant file="biped/gather_rock.xml"/>
    <variant file="biped/gather_ore.xml"/>
    <variant file="biped/gather_ruins.xml"/>
    <variant file="biped/gather_praise.xml"/>
    <variant file="biped/build.xml"/>
    <variant file="biped/build_farm.xml"/>
    <variant file="biped/carry_food.xml"/>
    <variant file="biped/carry_meat.xml"/>
    <variant file="biped/carry_wood.xml"/>
    <variant file="biped/carry_stone.xml"/>
    <variant file="biped/carry_metal.xml"/>
    <variant file="biped/death_infantry.xml"/>
  </group>
  <material>player_trans_spec.xml</material>
</actor>
